{
    "age": {
        "set": 30,
        "age_color": 0.0,
        "age_wrinkles": 0.0
    },
    "keys": {
        "Forearm Length": 0.0,
        "Forearm Thickness": 0.0,
        "Hand Length": 0.0,
        "Hand Thickness": 0.0,
        "Hand Width": 0.0,
        "Upper Arm Length": 0.0,
        "Upper Arm Thickness": 0.0,
        "Neck Length": 0.0,
        "Neck Thickness": -0.6599999666213989,
        "Foot Length": 0.0,
        "Shin Length": 0.0,
        "Shin Thickness": 0.0,
        "Thigh Length": 0.0,
        "Thigh Thickness": 0.0,
        "muscular": 0.0009999871253967285,
        "overweight": 0.0,
        "skinny": 0.30000004172325134,
        "height_150": 0.6152940392494202,
        "height_200": 0.0,
        "Back Muscles": 0.02499997615814209,
        "Biceps": 0.006999969482421875,
        "Calves Muscles": 0.039999961853027344,
        "Chest Muscles": 0.03700000047683716,
        "Forearm Muscles": 0.06699997186660767,
        "Hamstring Muscles": 0.013000011444091797,
        "Lower Butt Muscles": 0.022000014781951904,
        "Quad Muscles": 0.029999911785125732,
        "Shoulder Muscles": 0.06099998950958252,
        "Traps Muscles": 0.03100001811981201,
        "Triceps": 0.08499997854232788,
        "Upper Butt Muscles": 0.05199998617172241,
        "Stylized": 0.0,
        "Belly Size": 0.0,
        "Breast Size": 0.0,
        "Chest Height": 0.0,
        "Chest Width": 0.0,
        "Hips Height": 0.0,
        "Hips Size": 0.0,
        "Shoulder Width": 0.0,
        "Waist Thickness": 0.0,
        "asian": 0.0,
        "black": 0.09459459781646729,
        "caucasian": 0.39189183712005615,
        "variation_1": 0.0,
        "variation_10": 0.0,
        "variation_11": 0.0,
        "variation_2": 0.0,
        "variation_3": 0.0,
        "variation_4": 0.0,
        "variation_5": 0.0,
        "variation_6": 0.0,
        "variation_7": 0.0,
        "variation_8": 0.0,
        "variation_9": 0.0,
        "cheek_fullness": 0.6018389416010723,
        "cheek_zygomatic_bone": 2.0,
        "cheek_zygomatic_proc": 0.4668557643890381,
        "chin_dimple": 0.7683802115588653,
        "chin_height": 0.20062588742413748,
        "chin_size": -0.13065418197717002,
        "chin_width": 0.36009716910608774,
        "ear_antihelix_shape": 0.6489804097345426,
        "ear_height": -0.3575016405454786,
        "ear_lobe_size": 0.046622499197648284,
        "ear_turn": -0.06467157851861886,
        "ear_width": -0.19822685642636353,
        "Eye Depth": -0.16454029083251953,
        "Eye Distance": 0.3079251793869524,
        "Eye Height": 0.49160394609395314,
        "eyelid_fat_pad": -0.590047389620467,
        "eyelid_rotation": 0.4492505120586649,
        "eyelid_shift_horizontal": 0.15356632128776584,
        "eyelid_shift_vertical": 0.28523521274194097,
        "eye_height": -0.25083706228390984,
        "eye_orbit_size": -0.1446702624249941,
        "eye_tilt": -0.6825125080585481,
        "eye_width": 0.7439378554473624,
        "jaw_location_horizontal": -0.42071741401401386,
        "jaw_location_vertical": -0.090843913091528,
        "jaw_width": 0.08741530631708287,
        "muzzle_location_horizontal": 0.16875529289245605,
        "muzzle_location_vertical": -0.6414526700973511,
        "lip_cupid_bow": 0.02369841282444946,
        "lip_height": 0.9354107307473976,
        "lip_location": 0.3680213308462417,
        "lip_offset": 0.11077912947677843,
        "lip_width": 0.08117388285049039,
        "nose_angle": -0.07302633369229981,
        "nose_bridge_height": -0.3862545143215834,
        "nose_bridge_width": -0.7055862869545356,
        "nose_height": 0.449416587554167,
        "nose_location": 0.3112387113906282,
        "nose_nostril_flare": 0.7346347298450268,
        "nose_nostril_turn": -0.4946193819248518,
        "nose_tip_angle": 0.20354783107546434,
        "nose_tip_length": 0.012753751420103323,
        "nose_tip_size": 0.08086369512611039,
        "nose_tip_width": -0.5470784902572632,
        "Eye Scale": 0.0,
        "browridge_center_size": -0.21033365696227066,
        "browridge_loc_horizontal": 0.6684764421621198,
        "browridge_loc_vertical": -0.9229073557682087,
        "forehead_size": -0.1173336436161631,
        "temple_size": 0.07410116840262541,
        "aged_female": 0.0,
        "aged_young": 0.0,
        "Male": 0.0,
        "LIVE_KEY_PERMANENT": 1.0,
        "LIVE_KEY_TEMP_height_150": 0.6152940392494202
    },
    "skin": {
        "tone": 0.7613924145698547,
        "redness": 0.0,
        "saturation": 1.0,
        "normal_strength": 2.0,
        "roughness_multiplier": 1.2999999523162842,
        "freckles": 0.31012657284736633,
        "splotches": 0.23417721688747406,
        "texture.set": "textures\\female\\Default 4K\\Female 05.png",
        "cavity_strength": 0.0,
        "gender_specific": {
            "foundation_amount": 0.0,
            "foundation_color": [
                0.6557611227035522,
                0.33287203311920166,
                0.19147755205631256,
                1.0
            ],
            "blush_opacity": 0.0,
            "blush_color": [
                0.5530531406402588,
                0.13859646022319794,
                0.10914066433906555,
                1.0
            ],
            "eyebrows_opacity": 0.0,
            "eyebrows_color": [
                0.11449114233255386,
                0.041451361030340195,
                0.021851109340786934,
                1.0
            ],
            "lipstick_color": [
                0.3097407817840576,
                0.09161506593227386,
                0.07323084771633148,
                1.0
            ],
            "lipstick_opacity": 0.0,
            "eyeliner_opacity": 0.0,
            "eyeliner_color": [
                0.0,
                0.0,
                0.0,
                1.0
            ]
        }
    },
    "eyes": {
        "pupil_color": [
            0.5017211437225342,
            0.6618639230728149,
            0.4413236975669861,
            1.0
        ],
        "sclera_color": [
            1.0,
            1.0,
            1.0,
            1.0
        ]
    },
    "height": {
        "set": 161
    },
    "hair": {
        "eyebrows": {
            "set": "Eyebrows_006",
            "lightness": 0.10000000149011612,
            "redness": 0.8999999761581421,
            "roughness": 0.44999998807907104,
            "salt_and_pepper": 0.0,
            "roots": 0.0,
            "root_lightness": 0.5,
            "root_redness": 0.0,
            "roots_hue": 0.5,
            "fast_or_accurate": 0.0,
            "hue": 0.5
        },
        "regular_hair": {
            "set": "hair\\head\\female\\Long\\Bun.json",
            "lightness": 1.9227848052978516,
            "redness": 0.7227847576141357,
            "roughness": 0.44999998807907104,
            "salt_and_pepper": 0.0,
            "roots": 0.27848100662231445,
            "root_lightness": 0.0,
            "root_redness": 0.8999999761581421,
            "roots_hue": 0.5,
            "fast_or_accurate": 0.0,
            "hue": 0.5
        },
        "face_hair": {}
    },
    "clothing": {
        "outfit": {
            "set": null
        },
        "footwear": {
            "set": null
        }
    }
}