{
    "bHandLabels": false,
    "bFacialRig": true,
    "sPoseFilename": "path/to/pose/file",
    "dictHuman_V4": {
        "age": {
            "set": 31,
            "age_color": 0.0,
            "age_wrinkles": 0.0
        },
        "keys": {
            "Forearm Length": 0.07276859830262639,
            "Forearm Thickness": 0.44985440835115,
            "Hand Length": 0.24256772468967225,
            "Hand Thickness": 0.7072192458592169,
            "Hand Width": 0.8016522984230096,
            "Upper Arm Length": 0.7177571155178889,
            "Upper Arm Thickness": 0.2423913476056404,
            "Neck Length": 0.7118980455939689,
            "Neck Thickness": 0.5345425596283739,
            "Foot Length": 0.12418068165574181,
            "Shin Length": 0.7081380628406072,
            "Shin Thickness": 0.902090766193095,
            "Thigh Length": 0.66361665785831,
            "Thigh Thickness": 0.09591164762664706,
            "height_150": 0.4117647058823529,
            "height_200": 0.01875019073486328,
            "muscular": 0.467838862668462,
            "overweight": 0.5906374114089822,
            "skinny": 0.5213297290449989,
            "Back Muscles": 0.6497039529260171,
            "Biceps": 0.859850188441065,
            "Calves Muscles": 0.32810620083868125,
            "Chest Muscles": 0.3516583461882721,
            "Forearm Muscles": 0.7575465034398431,
            "Hamstring Muscles": 0.9944548691583852,
            "Lower Butt Muscles": 0.781515126396669,
            "Quad Muscles": 0.4217918009888262,
            "Shoulder Muscles": 0.4488155773820065,
            "Traps Muscles": 0.061889513082698744,
            "Triceps": 0.2929052052198823,
            "Upper Butt Muscles": 0.8586428953561063,
            "Stylized": 0.5853584871397681,
            "Belly Size": 0.47155516070999914,
            "Breast Size": 0.9452112561926004,
            "Chest Height": 0.20217224092281172,
            "Chest Width": 0.6649300601061974,
            "Hips Height": 0.6412082729829052,
            "Hips Size": 0.9137918179241887,
            "Shoulder Width": 0.07335751481965147,
            "Waist Thickness": 0.6831574775735944,
            "asian": 0.0,
            "black": 0.0,
            "caucasian": 1.0,
            "variation_1": 0.0,
            "variation_10": 0.0,
            "variation_11": 0.0,
            "variation_2": 0.0,
            "variation_3": 0.0,
            "variation_4": 0.0,
            "variation_5": 0.0,
            "variation_6": 0.0,
            "variation_7": 0.0,
            "variation_8": 0.0,
            "variation_9": 0.0,
            "cheek_fullness": -0.6487931014083419,
            "cheek_zygomatic_bone": -0.14478850541278762,
            "cheek_zygomatic_proc": -0.28671265560309717,
            "chin_dimple": 0.5827151447255783,
            "chin_height": 0.409322633015451,
            "chin_size": -0.001768266741590892,
            "chin_width": -0.572627633954477,
            "ear_antihelix_shape": -0.518235420032549,
            "ear_height": 0.2100732370403197,
            "ear_lobe_size": 0.15599489942631772,
            "ear_turn": 0.23904834238147726,
            "ear_width": -0.38867630005585024,
            "Eye Depth": -1.042975383060001,
            "Eye Distance": -0.026983017286947006,
            "Eye Height": -0.5218373159144114,
            "eyelid_fat_pad": -0.21053717352183984,
            "eyelid_rotation": 0.11529544968690192,
            "eyelid_shift_horizontal": -0.06254927785603914,
            "eyelid_shift_vertical": 0.10625266229989443,
            "eye_height": 0.06472726234982305,
            "eye_orbit_size": 0.003718349253668015,
            "eye_tilt": 0.14717077920014712,
            "eye_width": 0.45668673623704215,
            "jaw_location_horizontal": -0.16765998186184117,
            "jaw_location_vertical": 0.6496067979087494,
            "jaw_width": 0.045422679496695664,
            "muzzle_location_horizontal": 0.5408140924203365,
            "muzzle_location_vertical": 0.19456582064358766,
            "lip_cupid_bow": -0.9264294613153767,
            "lip_height": -0.5270090751561454,
            "lip_location": -0.9123086418663061,
            "lip_offset": 0.6577083915753695,
            "lip_width": -0.1073516815178226,
            "nose_angle": -0.4448136200259493,
            "nose_bridge_height": -0.5239091145126303,
            "nose_bridge_width": -1.0944870332051209,
            "nose_height": -0.1074531753679621,
            "nose_location": 0.9517477167542931,
            "nose_nostril_flare": 0.5525534394228533,
            "nose_nostril_turn": -0.35932640170697416,
            "nose_tip_angle": -0.3673935910181699,
            "nose_tip_length": -0.39140148990481743,
            "nose_tip_size": -0.5095618071014054,
            "nose_tip_width": -0.36989300539497105,
            "Eye Scale": 0.0,
            "browridge_center_size": 0.42688792136144393,
            "browridge_loc_horizontal": 0.48834654424138935,
            "browridge_loc_vertical": 0.24000186077767968,
            "forehead_size": -0.37066609964843716,
            "temple_size": 0.6621137530732807,
            "aged_male": 0,
            "aged_young": 0,
            "Male": 1.0,
            "LIVE_KEY_PERMANENT": 1.0,
            "LIVE_KEY_TEMP_": 0.0,
            "eyeBlink_L": 0.0,
            "eyeBlink_R": 0.0,
            "eyeSquint_L": 0.0,
            "eyeSquint_R": 0.0,
            "eyeWide_L": 0.0,
            "eyeWide_R": 0.0,
            "jawForward": 0.0,
            "jaw_L": 0.0,
            "jaw_R": 0.0,
            "jawOpen": 0.0,
            "mouthClose": 0.0,
            "mouthFunnel": 0.0,
            "mouthPucker": 0.0,
            "mouth_L": 0.0,
            "mouth_R": 0.0,
            "mouthSmile_L": 0.0,
            "mouthSmile_R": 0.0,
            "mouthFrown_L": 0.0,
            "mouthFrown_R": 0.0,
            "mouthDimple_L": 0.0,
            "mouthDimple_R": 0.0,
            "mouthStretch_L": 0.0,
            "mouthStretch_R": 0.0,
            "mouthRollLower": 0.0,
            "mouthRollUpper": 0.0,
            "mouthShrugUpper": 0.0,
            "mouthShrugLower": 0.0,
            "mouthPress_L": 0.0,
            "mouthPress_R": 0.0,
            "mouthLowerDown_L": 0.0,
            "mouthLowerDown_R": 0.0,
            "mouthUpperUp_L": 0.0,
            "mouthUpperUp_R": 0.0,
            "browDown_L": 0.0,
            "browDown_R": 0.0,
            "browInnerUp": 0.0,
            "browOuterUp_L": 0.0,
            "browOuterUp_R": 0.0,
            "cheekPuff": 0.0,
            "cheekSquint_L": 0.0,
            "cheekSquint_R": 0.0,
            "noseSneer_L": 0.0,
            "noseSneer_R": 0.0
        },
        "skin": {
            "tone": 2.8642263412475586,
            "redness": 0.19863668084144592,
            "saturation": 0.6270209550857544,
            "normal_strength": 7.6087141036987305,
            "roughness_multiplier": -3240.1708984375,
            "freckles": 0.2506803572177887,
            "splotches": 0.47290104627609253,
            "texture.set": "textures\\male\\Default 4K\\Male 04.png",
            "cavity_strength": 0.7604389786720276,
            "gender_specific": {
                "mustache_shadow": 0.8775662183761597,
                "beard_shadow": 0.23995546996593475
            }
        },
        "eyes": {
            "pupil_color": [
                0.15592646598815918,
                0.23839756846427917,
                0.31854677200317383,
                1.0
            ],
            "sclera_color": [
                1.0,
                1.0,
                1.0,
                1.0
            ]
        },
        "height": {
            "set": 181
        },
        "hair": {
            "eyebrows": {
                "set": "Eyebrows_003",
                "lightness": 0.6286861896514893,
                "redness": 0.09128201752901077,
                "roughness": 0.005849852226674557,