{
    "age": {
        "set": 50,
        "age_color": 0.3333333432674408,
        "age_wrinkles": 2.0
    },
    "keys": {
        "height_200": 0.0,
        "height_150": 0.6648709853252002,
        "aged_young": 0.3333333432674408,
        "aged_male": 0.3333333432674408,
        "Eye Distance": -0.10215815214413818,
        "Eye Scale": 0.0,
        "Eye Depth": 0.9493972049518913,
        "Eye Height": 0.3514841793741009,
        "Triceps": 0,
        "Biceps": 0,
        "Quad Muscles": 0,
        "Hamstring Muscles": 0,
        "Forearm Muscles": 0,
        "Lower Butt Muscles": 0,
        "Shoulder Muscles": 0,
        "Chest Muscles": 0,
        "Back Muscles": 0,
        "Calves Muscles": 0,
        "Traps Muscles": 0,
        "Upper Butt Muscles": 0,
        "Stylized": 0,
        "Neck Length": 0,
        "Neck Thickness": 0,
        "Shin Length": 0,
        "Shin Thickness": 0,
        "Thigh Length": 0,
        "Thigh Thickness": 0,
        "Foot Length": 0,
        "Breast Size": 0,
        "Hips Height": 0,
        "Hips Size": 0,
        "Waist Thickness": 0,
        "Chest Width": 0,
        "Belly Size": 0,
        "Chest Height": 0,
        "Shoulder Width": 0,
        "Hand Thickness": 0,
        "Forearm Length": 0,
        "Hand Length": 0,
        "Forearm Thickness": 0,
        "Hand Width": 0,
        "Upper Arm Length": 0,
        "Upper Arm Thickness": 0,
        "overweight": 0,
        "muscular": 0,
        "skinny": 0,
        "variation_8": 0.0,
        "variation_9": 0.0,
        "black": 0.0,
        "variation_1": 0.0,
        "variation_2": 0.0,
        "variation_3": 0.0,
        "variation_7": 0.0,
        "caucasian": 1.0,
        "variation_6": 0.0,
        "variation_4": 0.0,
        "variation_5": 0.0,
        "asian": 0.0,
        "variation_10": 0.0,
        "variation_11": 0.0,
        "nose_nostril_flare": 0.3445330155374866,
        "nose_tip_length": 0.31802373622257646,
        "nose_bridge_width": -0.9501185662474729,
        "nose_height": -0.7774975263330502,
        "nose_nostril_turn": -0.08536645436258065,
        "nose_angle": 0.4069256150696715,
        "nose_tip_width": 0.384473231553769,
        "nose_tip_angle": -0.3389429993598912,
        "nose_location": 0.38501016891210615,
        "nose_bridge_height": 0.056602944557555164,
        "nose_tip_size": -0.614530666640785,
        "browridge_loc_vertical": -0.31839030315835654,
        "forehead_size": 0.6000350941205524,
        "browridge_center_size": 0.8425734090765707,
        "browridge_loc_horizontal": 0.7160216408763556,
        "temple_size": -0.11964882786177679,
        "lip_width": -0.7385942557856962,
        "lip_location": -0.8909814552621421,
        "lip_cupid_bow": 0.25574615580130905,
        "lip_offset": -0.250605176887663,
        "lip_height": 0.5367373859923616,
        "muzzle_location_vertical": 0.0011902396918505034,
        "muzzle_location_horizontal": -0.6439200052627349,
        "ear_lobe_size": -0.8080206772412082,
        "ear_turn": 0.7540177772946562,
        "ear_width": 0.07808994432919099,
        "ear_antihelix_shape": -0.510652845685064,
        "ear_height": -0.383308837622336,
        "chin_dimple": 0.4468879249265064,
        "chin_size": -0.5408924418578706,
        "chin_height": -0.06493160527225803,
        "chin_width": 0.2917284741044141,
        "jaw_width": 0.025755095937803358,
        "jaw_location_vertical": 0.30915759805761617,
        "jaw_location_horizontal": -0.5380265791088871,
        "cheek_fullness": 0.04929688368600889,
        "cheek_zygomatic_proc": -0.3608149396644187,
        "cheek_zygomatic_bone": -0.18312767195052415,
        "eyelid_fat_pad": 0.5529411063525973,
        "eye_tilt": 0.04503147502600458,
        "eyelid_shift_vertical": -0.014739507519326046,
        "eye_orbit_size": 0.537085050047804,
        "eyelid_rotation": -0.7429579030716087,
        "eyelid_shift_horizontal": 0.4393514813222451,
        "eye_height": 0.2770252081974848,
        "eye_width": -1.0510577583095715,
        "Male": 1.0,
        "LIVE_KEY_PERMANENT": 1.0,
        "LIVE_KEY_TEMP_": 0.0
    },
    "skin": {
        "tone": 0.9438072443008423,
        "redness": 0.0,
        "saturation": 0.8646904826164246,
        "normal_strength": 4.0,
        "roughness_multiplier": 1.2999999523162842,
        "freckles": 0.0,
        "splotches": 0.30000001192092896,
        "texture.set": "textures/male/Default 4K/Male 05.png",
        "cavity_strength": 0.6666666865348816,
        "gender_specific": {
            "mustache_shadow": 0.0,
            "beard_shadow": 0.0
        }
    },
    "eyes": {
        "pupil_color": [
            0.23351933062076569,
            0.35141128301620483,
            0.4819340705871582,
            1.0
        ],
        "sclera_color": [
            1.0,
            1.0,
            1.0,
            1.0
        ]
    },
    "height": {
        "set": 159
    },
    "hair": {
        "eyebrows": {
            "set": "Eyebrows_002",
            "lightness": 1.2586750984191895,
            "redness": 1.0,
            "roughness": 0.44999998807907104,
            "salt_and_pepper": 0.0,
            "roots": 0.0,
            "root_lightness": 0.5,
            "root_redness": 0.0,
            "roots_hue": 0.5,
            "fast_or_accurate": 0.0,
            "hue": 0.5
        },
        "regular_hair": {
            "set": "hair/head/male/Short/Short Side Part.json",
            "lightness": 1.914826512336731,
            "redness": 0.6593059301376343,
            "roughness": 0.44999998807907104,
            "salt_and_pepper": 0.0,
            "roots": 0.0,
            "root_lightness": 0.0,
            "root_redness": 0.8999999761581421,
            "roots_hue": 0.5,
            "fast_or_accurate": 0.0,
            "hue": 0.5
        },
        "face_hair": {
            "set": null,
            "lightness": 3.0,
            "redness": 1.0,
            "roughness": 0.44999998807907104,
            "salt_and_pepper": 0.0,
            "roots": 0.0,
            "root_lightness": 0.0,
            "root_redness": 0.8999999761581421,
            "roots_hue": 0.5,
            "fast_or_accurate": 0.0,
            "hue": 0.5
        }
    },
    "clothing": {
        "outfit": {
            "set": null
        },
        "footwear": {
            "set": null
        }
    }
}