{
    "dictCustom": {
        "sGender": "male",
        "bOpenPoseHandLabels": true,
        "bFacialRig": true,
        "sPoseFilename": {
            "set": null
        }
    },
    "dictHumGen_V4": {
        "age": {
            "set": 48,
            "age_color": 0.2666666805744171,
            "age_wrinkles": 1.600000023841858
        },
        "keys": {
            "Forearm Length": 0.022749834810698144,
            "Forearm Thickness": 0.20229061960101913,
            "Hand Length": 0.6058344155184507,
            "Hand Thickness": 0.737433883414717,
            "Hand Width": 0.047327514538511695,
            "Upper Arm Length": 0.5399447565567979,
            "Upper Arm Thickness": 0.7287667060974549,
            "Neck Length": 0.5648762468704788,
            "Neck Thickness": 0.4055322613800594,
            "Foot Length": 0.6622438298880797,
            "Shin Length": 0.9981057710109075,
            "Shin Thickness": 0.183994133899961,
            "Thigh Length": 0.013498376810266444,
            "Thigh Thickness": 0.5671005263517277,
            "height_150": 0.6176470588235294,
            "height_200": 0.01875019073486328,
            "muscular": 0.8401847333070114,
            "overweight": 0.32470972240914764,
            "skinny": 0.8582264998009111,
            "Back Muscles": 0.6437797243848069,
            "Biceps": 0.4626410980799689,
            "Calves Muscles": 0.5722944918527192,
            "Chest Muscles": 0.25234908222051255,
            "Forearm Muscles": 0.2810824731476219,
            "Hamstring Muscles": 0.9870006941181979,
            "Lower Butt Muscles": 0.7754624154602291,
            "Quad Muscles": 0.20782467765602564,
            "Shoulder Muscles": 0.523095349087539,
            "Traps Muscles": 0.7107196331527877,
            "Triceps": 0.9471213596989213,
            "Upper Butt Muscles": 0.6418704650724746,
            "Stylized": 0.7945396925457461,
            "Belly Size": 0.9230503631584376,
            "Breast Size": 0.08999452174487899,
            "Chest Height": 0.6542113269617805,
            "Chest Width": 0.14746352357539783,
            "Hips Height": 0.7660228438605033,
            "Hips Size": 0.8608112818721417,
            "Shoulder Width": 0.5199853402900524,
            "Waist Thickness": 0.326411099799794,
            "asian": 0.0,
            "black": 0.0,
            "caucasian": 1.0,
            "variation_1": 0.0,
            "variation_10": 0.0,
            "variation_11": 0.0,
            "variation_2": 0.0,
            "variation_3": 0.0,
            "variation_4": 0.0,
            "variation_5": 0.0,
            "variation_6": 0.0,
            "variation_7": 0.0,
            "variation_8": 0.0,
            "variation_9": 0.0,
            "cheek_fullness": 0.3921500858425102,
            "cheek_zygomatic_bone": 0.42988659238868177,
            "cheek_zygomatic_proc": 0.24941004140485432,
            "chin_dimple": 0.9117823726134316,
            "chin_height": 0.2700887433822689,
            "chin_size": -0.771482150915747,
            "chin_width": -0.6439991182353246,
            "ear_antihelix_shape": 0.6026009706019549,
            "ear_height": 0.5193396808415442,
            "ear_lobe_size": 0.2712510955043836,
            "ear_turn": 0.05365903848648286,
            "ear_width": -0.6816375931611035,
            "Eye Depth": 0.27954655474153867,
            "Eye Distance": -0.007689482707911486,
            "Eye Height": 0.39897791926381665,
            "eyelid_fat_pad": -0.4135373568475028,
            "eyelid_rotation": -0.4528274494836166,
            "eyelid_shift_horizontal": -0.2658234332164683,
            "eyelid_shift_vertical": -0.29401822905992925,
            "eye_height": 0.30792359123911545,
            "eye_orbit_size": -0.2644737612032686,
            "eye_tilt": -0.9378542170731106,
            "eye_width": 0.14305287536468098,
            "jaw_location_horizontal": 0.3389746975451524,
            "jaw_location_vertical": -0.3545989883726611,
            "jaw_width": -0.41946682587156636,
            "muzzle_location_horizontal": 0.17488502249057458,
            "muzzle_location_vertical": -0.7029195761077317,
            "lip_cupid_bow": -0.6249845675454464,
            "lip_height": 0.33875945370628047,
            "lip_location": -0.7140551712758842,
            "lip_offset": 0.4078444870146454,
            "lip_width": -0.5952936997613283,
            "nose_angle": -0.08335152773720599,
            "nose_bridge_height": 0.05212951392277067,
            "nose_bridge_width": 1.1095704696766346,
            "nose_height": 0.17637764325474603,
            "nose_location": -0.16713522142381554,
            "nose_nostril_flare": -0.05343443965939868,
            "nose_nostril_turn": -0.5949378613932704,
            "nose_tip_angle": 0.13158374309882898,
            "nose_tip_length": 0.3766768887236253,
            "nose_tip_size": -0.4570592132512486,
            "nose_tip_width": -0.2748594035381455,
            "Eye Scale": 0.0,
            "browridge_center_size": 0.14066336649735536,
            "browridge_loc_horizontal": -0.44637092072279116,
            "browridge_loc_vertical": 0.4363737329377531,
            "forehead_size": 0.07491642092677937,
            "temple_size": 0.3877096536324628,
            "aged_male": 0.26666666666666666,
            "aged_young": 0.26666666666666666,
            "Male": 1.0,
            "LIVE_KEY_PERMANENT": 1.0,
            "LIVE_KEY_TEMP_": 0.0,
            "eyeBlink_L": 0.0,
            "eyeBlink_R": 0.0,
            "eyeSquint_L": 0.0,
            "eyeSquint_R": 0.0,
            "eyeWide_L": 2.384185791015625e-05,
            "eyeWide_R": 0.0,
            "jawForward": 0.0,
            "jaw_L": 0.0,
            "jaw_R": 9.313225746154785e-08,
            "jawOpen": 1.1920928955078125e-05,
            "mouthClose": 2.384185791015625e-05,
            "mouthFunnel": 1.4901161193847656e-06,
            "mouthPucker": 1.4901161193847656e-06,
            "mouth_L": 0.0,
            "mouth_R": 9.313225746154785e-08,
            "mouthSmile_L": 2.384185791015625e-05,
            "mouthSmile_R": 0.0,
            "mouthFrown_L": 0.0,
            "mouthFrown_R": 0.0,
            "mouthDimple_L": 0.0,
            "mouthDimple_R": 0.0,
            "mouthStretch_L": 0.0,
            "mouthStretch_R": 0.0,
            "mouthRollLower": 4.76837158203125e-05,
            "mouthRollUpper": 0.0,
            "mouthShrugUpper": 4.76837158203125e-05,
            "mouthShrugLower": 4.76837158203125e-05,
            "mouthPress_L": 0.0,
            "mouthPress_R": 0.0,
            "mouthLowerDown_L": 0.0,
            "mouthLowerDown_R": 0.0,
            "mouthUpperUp_L": 0.0,
            "mouthUpperUp_R": 0.0,
            "browDown_L": 0.0,
            "browDown_R": 0.0,
            "browInnerUp": 0.0,
            "browOuterUp_L": 2.384185791015625e-05,
            "browOuterUp_R": 0.0,
            "cheekPuff": 0.0,
            "cheekSquint_L": 2.384185791015625e-05,
            "cheekSquint_R": 0.0,
            "noseSneer_L": 0.0,
            "noseSneer_R": 0.0
        },
        "skin": {
            "tone": 0.34527653455734253,
            "redness": 0.7835530042648315,
            "saturation": 0.5862658619880676,
            "normal_strength": 7.313543796539307,
            "roughness_multiplier": -7409.021484375,
            "freckles": 0.11742065846920013,
            "splotches": 0.24618856608867645,
            "texture.set": "textures\\male\\Default 4K\\Male 08.png",
            "cavity_strength": 0.4396694302558899,
            "gender_specific": {
                "mustache_shadow": 0.34877634048461914,
                "beard_shadow": 0.18971851468086243
            }
        },
        "eyes": {
            "pupil_color": [
                0.052860647439956665,
                0.021219009533524513,
                0.02518685907125473,
                1.0
            ],