{
    "dictCustom": {
        "sGender": "female",
        "bOpenPoseHandLabels": false,
        "bFacialRig": true,
        "sPoseFilename": {
            "set": null
        }
    },
    "dictHumGen_V4": {
        "age": {
            "set": 52,
            "age_color": 0.4000000059604645,
            "age_wrinkles": 2.4000000953674316
        },
        "keys": {
            "Forearm Length": 0.4181174469884408,
            "Forearm Thickness": 0.45994442763499255,
            "Hand Length": 0.5084173399505628,
            "Hand Thickness": 0.26929569667890596,
            "Hand Width": 0.39787259415421217,
            "Upper Arm Length": 0.30567844403858113,
            "Upper Arm Thickness": 0.9007309152777261,
            "Neck Length": 0.8298027819190877,
            "Neck Thickness": 0.9852348594356142,
            "Foot Length": 0.20567885738670266,
            "Shin Length": 0.7208414730849603,
            "Shin Thickness": 0.9615119146220591,
            "Thigh Length": 0.6904227968638722,
            "Thigh Thickness": 0.7250318364478614,
            "muscular": 0.9296900166808948,
            "overweight": 0.851719729336854,
            "skinny": 0.31183110884350174,
            "height_150": 0.23529411764705888,
            "height_200": 0.0,
            "Back Muscles": 0.6443841627211756,
            "Biceps": 0.7231680192087058,
            "Calves Muscles": 0.9218036726914862,
            "Chest Muscles": 0.011764757717835361,
            "Forearm Muscles": 0.4821770004679091,
            "Hamstring Muscles": 0.10291627359847877,
            "Lower Butt Muscles": 0.18085015697601214,
            "Quad Muscles": 0.0034848373537281763,
            "Shoulder Muscles": 0.8471239837627496,
            "Traps Muscles": 0.42472989783020154,
            "Triceps": 0.6581545482467829,
            "Upper Butt Muscles": 0.4858156493921637,
            "Stylized": 0.322865666370278,
            "Belly Size": 0.9794136535194405,
            "Breast Size": 0.7968920598742819,
            "Chest Height": 0.39550377274278903,
            "Chest Width": 0.3733117015517884,
            "Hips Height": 0.11326619489667367,
            "Hips Size": 0.03125231257748706,
            "Shoulder Width": 0.2364810430134926,
            "Waist Thickness": 0.4675564668584,
            "asian": 1.0,
            "black": 0.0,
            "caucasian": 0.0,
            "variation_1": 1.0,
            "variation_10": 0.0,
            "variation_11": 0.0,
            "variation_2": 0.0,
            "variation_3": 0.0,
            "variation_4": 0.0,
            "variation_5": 0.0,
            "variation_6": -0.013468027114868164,
            "variation_7": 0.0,
            "variation_8": 0.0,
            "variation_9": 0.0,
            "cheek_fullness": 0.0012451792881520423,
            "cheek_zygomatic_bone": 0.12324809622717423,
            "cheek_zygomatic_proc": -0.3832687658887145,
            "chin_dimple": -1.5335613178745537,
            "chin_height": -0.3720547785903271,
            "chin_size": -0.060900676896694664,
            "chin_width": 0.6973442000626897,
            "ear_antihelix_shape": -0.7206003300679397,
            "ear_height": 0.013189312431095486,
            "ear_lobe_size": 0.14813520980431835,
            "ear_turn": -0.06540994375848985,
            "ear_width": 0.1536294830777644,
            "Eye Depth": -0.7703974489973828,
            "Eye Distance": 0.10554278135085558,
            "Eye Height": -0.19890076680717003,
            "eyelid_fat_pad": -0.43697734481356465,
            "eyelid_rotation": -0.12740288458222856,
            "eyelid_shift_horizontal": -0.16878829876299276,
            "eyelid_shift_vertical": -1.1599613394973445,
            "eye_height": -0.670530509865298,
            "eye_orbit_size": 0.1005856041942337,
            "eye_tilt": -0.4648864126942456,
            "eye_width": 0.4271455347590458,
            "jaw_location_horizontal": -0.27663075934372505,
            "jaw_location_vertical": 0.4983141908245996,
            "jaw_width": 0.9362895353374185,
            "muzzle_location_horizontal": -1.2150502009177946,
            "muzzle_location_vertical": 0.7783979300837413,
            "lip_cupid_bow": -0.07812170305211773,
            "lip_height": -0.13329169317068765,
            "lip_location": -0.23616150500262859,
            "lip_offset": -0.0899498044471155,
            "lip_width": -0.32870808752157116,
            "nose_angle": 0.2660473802410041,
            "nose_bridge_height": 0.44014330077261427,
            "nose_bridge_width": -0.6814957708636605,
            "nose_height": 0.5614201193210332,
            "nose_location": 0.4909070229048621,
            "nose_nostril_flare": -0.44850649174774715,
            "nose_nostril_turn": -0.4600679249091926,
            "nose_tip_angle": 0.15367852077572342,
            "nose_tip_length": 0.004727674482157361,
            "nose_tip_size": 0.17165029698287815,
            "nose_tip_width": -1.3877816277217982,
            "Eye Scale": 0.0,
            "browridge_center_size": -0.8326242439139293,
            "browridge_loc_horizontal": 0.21264141583129048,
            "browridge_loc_vertical": -0.3397284872705829,
            "forehead_size": -0.06019478209848881,
            "temple_size": -0.03408772202507911,
            "aged_female": 0.4,
            "aged_young": 0.4,
            "Male": 0.0,
            "LIVE_KEY_PERMANENT": 1.0,
            "LIVE_KEY_TEMP_": 0.0,
            "eyeBlink_L": 0.0,
            "eyeBlink_R": 0.0,
            "eyeSquint_L": 0.0,
            "eyeSquint_R": 0.0,
            "eyeWide_L": 0.0,
            "eyeWide_R": 0.0,
            "jawForward": 0.0,
            "jaw_L": 0.0,
            "jaw_R": 0.0,
            "jawOpen": 0.0,
            "mouthClose": 0.0,
            "mouthFunnel": 0.0,
            "mouthPucker": 0.0,
            "mouth_L": 0.0,
            "mouth_R": 0.0,
            "mouthSmile_L": 0.0,
            "mouthSmile_R": 0.0,
            "mouthFrown_L": 0.0,
            "mouthFrown_R": 0.0,
            "mouthDimple_L": 0.0,
            "mouthDimple_R": 0.0,
            "mouthStretch_L": 0.0,
            "mouthStretch_R": 0.0,
            "mouthRollLower": 0.0,
            "mouthRollUpper": 0.0,
            "mouthShrugUpper": 0.0,
            "mouthShrugLower": 0.0,
            "mouthPress_L": 0.0,
            "mouthPress_R": 0.0,
            "mouthLowerDown_L": 0.0,
            "mouthLowerDown_R": 0.0,
            "mouthUpperUp_L": 0.0,
            "mouthUpperUp_R": 0.0,
            "browDown_L": 0.0,
            "browDown_R": 0.0,
            "browInnerUp": 0.0,
            "browOuterUp_L": 0.0,
            "browOuterUp_R": 0.0,
            "cheekPuff": 0.0,
            "cheekSquint_L": 0.0,
            "cheekSquint_R": 0.0,
            "noseSneer_L": 0.0,
            "noseSneer_R": 0.0
        },
        "skin": {
            "tone": 2.0378215312957764,
            "redness": 0.17851459980010986,
            "saturation": 0.5234057903289795,
            "normal_strength": 5.167391777038574,
            "roughness_multiplier": 9926.33984375,
            "freckles": 0.10912533849477768,
            "splotches": 0.4564206898212433,
            "texture.set": "textures\\female\\Default 4K\\Female 08.png",
            "cavity_strength": 0.13787855207920074,
            "gender_specific": {
                "foundation_amount": 0.0,
                "foundation_color": [
                    0.6557611227035522,
                    0.33287203311920166,
                    0.19147755205631256,
                    1.0
                ],
                "blush_opacity": 0.0,
                "blush_color": [
                    0.5530531406402588,
                    0.13859646022319794,
                    0.10914066433906555,
                    1.0
                ],
                "eyebrows_opacity": 0.0,